rut_titular;cuenta;codigo_banco;estado_cuenta
49871507-9;8743893281;099;Activa
43278311-1;6456312853;099;Activa
43538023-9;7918739538;099;Activa
45873777-0;4161570205;099;Activa
43112092-5;4596567990;099;Activa
46454546-8;7534146428;099;Activa
46537133-1;7092310507;099;Activa
45952660-9;3727477863;099;Activa
48021476-5;7560379511;099;Activa
42138531-9;3249395331;099;Activa
40884879-2;5779141155;099;Activa
47813479-7;8127577587;099;Activa
44112973-4;8604202820;099;Activa
40570979-1;4065365221;099;Activa
41261635-9;5447870848;099;Activa
40139436-2;3344181087;099;Activa
45871311-1;3726504445;099;Activa
44951063-1;5625935487;099;Activa
48229719-6;3203528534;099;Activa
47984994-3;6448785199;099;Activa
48330143-K;8214116005;099;Activa
41801764-3;3781187083;099;Activa
42701817-2;4469641281;099;Activa
49981430-5;8133973455;099;Activa
45280539-1;9753181212;099;Activa
49714723-9;2084907500;099;Activa
42131420-9;5535587472;099;Activa
41238706-6;5185044283;099;Activa
47917386-9;1050961752;099;Activa
43114666-5;1868075893;099;Activa
46893064-1;8980119160;099;Activa
47846710-9;8716819276;099;Activa
47438355-5;5068352001;099;Activa
44794850-8;2950095463;099;Activa
47687780-6;8269867519;099;Activa
45988008-9;1063036152;099;Activa
42586032-1;9967116555;099;Activa
45747049-5;5045293297;099;Activa
48355369-2;9343394789;099;Activa
44358466-8;2416377562;099;Activa
46973363-7;1683064736;099;Activa
44006015-3;2150994409;099;Activa
41815776-3;3116349043;099;Activa
49317485-1;9900519018;099;Activa
47303099-3;9321067788;099;Activa
40237093-9;1110768239;099;Activa
49105765-3;9161001858;099;Activa
48778303-K;6579318018;099;Activa
47297477-7;2124005636;099;Activa
44093701-2;4743593525;099;Activa
49738602-0;3924520850;099;Activa
49736756-5;3194599248;099;Activa
46120699-9;2931580119;099;Activa
48148189-9;5271313237;099;Activa
40355102-3;9636086508;099;Activa
46277142-8;2530373785;099;Activa
43550709-3;9212693163;099;Activa
44814829-7;5017987234;099;Activa
49013612-6;4616237069;099;Activa
44645739-K;7915505044;099;Activa
43326337-5;5229322514;099;Activa
43444145-5;9206018194;099;Activa
48671628-2;9426735152;099;Activa
48254204-2;2248461747;099;Activa
48571222-4;2580115012;099;Activa
40204838-7;8426349542;099;Activa
40537755-1;6964828147;099;Activa
40599075-K;3444308397;099;Activa
45453345-3;6426626463;099;Activa
44912700-5;7754723647;099;Activa
43601128-8;3843043655;099;Activa
41878865-8;3067057640;099;Activa
41126921-3;1818766147;099;Activa
45893409-6;3497632674;099;Activa
41561447-0;3642312005;099;Activa
45094152-2;3962241628;099;Activa
46593111-6;7070961785;099;Activa
40012970-3;5296705311;099;Activa
41052163-6;5497046599;099;Activa
41405968-6;8670863720;099;Activa
44261548-9;9937368076;099;Activa
49138433-6;6943941241;099;Activa
46242646-1;7059974509;099;Activa
42852603-1;8009310670;099;Activa
40158525-7;3217020808;099;Activa
44449700-9;9638937304;099;Activa
45443169-3;6824927799;099;Activa
43335171-1;2534379800;099;Activa
43754567-7;9115910072;099;Activa
46172016-1;8094097757;099;Activa
46967545-9;1537764536;099;Activa
43264621-1;5295886288;099;Activa
40415056-1;5795107404;099;Activa
47988116-2;6296307290;099;Activa
48019334-2;5298561368;099;Activa
45201764-4;9387024620;099;Activa
41985435-2;1367841021;099;Activa
48236009-2;1346705521;099;Activa
41145475-4;1728210718;099;Activa
42093647-8;7064731024;099;Activa
49925023-1;2891487245;099;Activa
40417006-6;5025698507;099;Activa
41913172-5;6767689427;099;Activa
47249500-3;6009544739;099;Activa
42568646-1;1394530142;099;Activa
44846774-0;4484515497;099;Activa
43364682-7;7356483901;099;Activa
49944223-8;6521518871;099;Activa
48890860-K;4626561827;099;Activa
41977129-5;2151810981;099;Cerrada
45095018-1;8027826721;099;Activa
49663021-1;5898762725;099;Activa
45115797-3;6690935391;099;Activa
49971399-1;9960665230;099;Activa
40056270-9;7638675794;099;Activa
42499541-K;1595656594;099;Activa
42593344-2;8322560946;099;Activa
43121918-2;6435852756;099;Activa
41833245-K;6388552530;099;Activa
41877760-5;9482040896;099;Activa
40488837-4;2384239695;099;Activa
49320052-6;2119272496;099;Activa
44090564-1;2707592328;099;Activa
48341559-1;6281625434;099;Activa
46947223-K;6045276412;099;Activa
45521426-2;2389215780;099;Activa
48238128-6;9698924284;099;Activa
40402256-3;2894885055;099;Activa
47100598-3;4117510896;099;Activa
42509341-K;1209698997;099;Activa
48362237-6;5059020281;099;Activa
44531075-1;7089145944;099;Activa
41178604-8;9415688968;099;Activa
41104124-7;4091996281;099;Activa
47899339-0;8803555409;099;Activa
41021333-8;7785940292;099;Activa
45795865-K;6377505215;099;Activa
44941094-7;4928660200;099;Activa
40213444-5;9522323157;099;Activa
40116940-7;7145531089;099;Activa
47274727-4;9888471207;099;Activa
46703225-9;7091759760;099;Activa
40397004-2;5820307225;099;Activa
42048220-5;3188416462;099;Activa
41329925-K;4088976962;099;Activa
49456514-5;5882092118;099;Activa
47598748-9;8080460787;099;Activa
40191145-6;3891126850;099;Activa
42627004-8;1585008380;099;Activa
42270731-K;4470312068;099;Activa
45064588-5;3677211755;099;Activa
48937822-1;7942917046;099;Activa
44432742-1;3249496755;099;Activa
41690330-1;6984074986;099;Activa
44445146-7;3583870625;099;Activa
43484650-1;7182417677;099;Activa
48694093-K;4113276256;099;Activa
49323672-5;1735620897;099;Activa
49331156-5;2089672125;099;Cerrada
43460128-2;9803510431;099;Activa
41538676-1;8119768241;099;Activa
40414189-9;6283953344;099;Activa
43432612-5;2113864277;099;Activa
40132556-5;9622642779;099;Activa
45388545-3;5713801545;099;Activa
47669479-5;9929185282;099;Activa
48500674-5;3520292139;099;Activa
40082306-5;5411725007;099;Activa
43942749-3;5942136308;099;Activa
44275784-4;6480877059;099;Activa
46505483-2;6305585035;099;Activa
46427207-0;5696412370;099;Activa
44322010-0;6891936755;099;Activa
47876902-4;3353298331;099;Activa
48620781-7;7468332405;099;Activa
43815538-4;6572282781;099;Activa
44364584-5;2376824172;099;Activa
49546322-2;2293531185;099;Activa
46276117-1;1810443113;099;Activa
42994236-5;6742766243;099;Activa
48410635-5;5889060673;099;Activa
46143605-6;8439509752;099;Activa
42285706-0;5908002094;099;Activa
40012645-3;8653657878;099;Activa
44244981-3;3643778409;099;Activa
43689382-5;4779484181;099;Activa
48381277-9;2850061625;099;Activa
44232716-5;6066514095;099;Activa
40488254-6;9897726572;099;Activa
46872957-1;3219168164;099;Activa
40979389-4;6217695549;099;Activa
42172753-8;8187178914;099;Activa
41618161-6;6799523635;099;Activa
42512488-9;4102021985;099;Activa
43352901-4;2902524089;099;Activa
49541706-9;1096194101;099;Activa
43783205-6;2952775893;099;Activa
49300431-K;4657978947;099;Activa
45738212-K;4822087649;099;Activa
48906905-9;4086206155;099;Activa
42925067-6;1922746587;099;Activa
49964030-7;7400645607;099;Activa
48301581-K;6690840356;099;Activa
47697144-6;2086028777;099;Activa
48259507-3;8091596786;099;Activa
40548998-8;3254710012;099;Activa
47305768-9;1484440229;099;Activa
42832670-9;4756449559;099;Activa
41184082-4;8332137661;099;Activa
43631712-3;2231067918;099;Activa
42803511-9;9193107948;099;Activa
42651537-7;6966619316;099;Activa
42734365-0;3604515245;099;Activa
47856107-5;7766767255;099;Activa
44454889-4;9074648723;099;Activa
46580714-8;3368038299;099;Activa
42855724-7;3360178462;099;Activa
46135971-K;9487590591;099;Activa
47189695-0;4377023372;099;Cerrada
43118684-5;4543887683;099;Activa
42750423-9;4293438406;099;Activa
48759896-8;7380286179;099;Activa
41702863-3;7878342392;099;Activa
49144022-8;5085327515;099;Activa
44568203-9;8187486258;099;Activa
45547280-6;7428673609;099;Activa
43886079-7;8371923042;099;Activa
48443358-5;4615552968;099;Activa
44469268-5;4914895252;099;Activa
48305436-K;9054620312;099;Activa
45915537-6;7255827875;099;Activa
41539789-5;4476539622;099;Activa
48746783-9;1616040783;099;Activa
41863262-3;1844576680;099;Activa
48701654-3;4999730128;099;Activa
42415788-0;3547078406;099;Activa
48237805-6;7582326761;099;Activa
47419564-3;4379200912;099;Activa
40995280-1;2549912563;099;Activa
48420478-0;8867701486;099;Activa
46729197-1;6272321601;099;Activa
49618192-1;1428700139;099;Activa
41322359-8;1678890499;099;Activa
47054969-6;6318435551;099;Activa
48523401-2;8994276323;099;Activa
44216368-5;9126102284;099;Activa
44212191-5;4556604625;099;Activa
46008576-4;5424322793;099;Activa
47285161-6;4487089508;099;Activa
44469938-8;8745679016;099;Activa
43108116-4;8142751211;099;Activa
48320847-2;7011137907;099;Activa
46535293-0;7138635668;099;Activa
47599694-1;7345604273;099;Activa
45960831-1;4471712220;099;Activa
46314012-K;6549621184;099;Activa
46022945-6;3338098317;099;Activa
40317514-5;6792173708;099;Activa
48195573-4;9714444940;099;Activa
49740511-4;5955445816;099;Activa
40876681-8;8576487261;099;Activa
44587419-1;7271577123;099;Activa
40168383-6;3372794437;099;Activa
46442408-3;3086811522;099;Activa
48754052-8;3381699869;099;Activa
42386507-5;9486094009;099;Activa
47738831-0;4563926631;099;Activa
40752124-2;7102629304;099;Activa
44100074-K;7604206435;099;Activa
47585879-4;4542410537;099;Activa
44917333-3;3780056257;099;Activa
47961996-4;6936752582;099;Activa
47900323-8;3034537748;099;Activa
46730573-5;2488590710;099;Activa
42047042-8;7699273039;099;Activa
43430872-0;3280708288;099;Activa
46347236-K;3195718600;099;Activa
42067560-7;7018300812;099;Activa
49321303-2;7808876829;099;Activa
46952082-K;5586768207;099;Activa
48171270-K;6474101191;099;Activa
47836603-5;6487850895;099;Activa
42566682-7;4516907440;099;Activa
46291545-4;2411036485;099;Cerrada
49184301-2;3636245807;099;Activa
46767442-0;4436378669;099;Cerrada
48412922-3;2408704586;099;Activa
49194675-K;7266325893;099;Activa
45268414-4;8821867570;099;Activa
43617122-6;2943193194;099;Activa
43002892-8;5844677589;099;Activa
48767383-8;8377572440;099;Activa
40991637-6;4784415104;099;Activa
47747179-K;9558575556;099;Activa
42636405-0;8201328080;099;Activa
43113781-K;8018409832;099;Activa
48885645-6;7502129581;099;Activa
45077604-1;2065817949;099;Activa
40266937-3;1080101667;099;Activa
45473577-3;6406117828;099;Activa
49935828-8;3650302361;099;Activa
44361315-3;8680169575;099;Activa
42519047-4;7008282706;099;Activa
47091365-7;3378784340;099;Activa
42160568-8;3668999204;099;Activa
49736563-5;9916269586;099;Activa
48961854-0;6953148205;099;Activa
44239895-K;5750804046;099;Activa
41694319-2;2785019591;099;Activa
42108593-5;2298115953;099;Activa
43380270-5;1867846415;099;Activa
48550241-6;8132042798;099;Activa
45527997-6;1256723770;099;Activa
47506060-1;8275091848;099;Activa
49072418-4;2057203373;099;Activa
48186905-6;7217703297;099;Activa
43262321-1;1672123539;099;Activa
44839310-0;6882370089;099;Activa
41550477-2;4345607400;099;Activa
42425750-8;1956861469;099;Activa
44852195-8;2571487715;099;Activa
46996754-9;1464096519;099;Activa
42025729-5;1445853129;099;Activa
42309933-K;3933991392;099;Activa
41602340-9;1402922632;099;Activa
41690395-6;4755562633;099;Activa
44376476-3;8631208977;099;Activa
44432783-9;6186619688;099;Activa
41652458-0;2334270261;099;Activa
47161542-0;8115241388;099;Activa
40150249-1;2508043858;099;Activa
49309646-K;5366245723;099;Activa
42143617-7;8745215032;099;Activa
42601969-8;6181442738;099;Activa
47389971-K;4852301672;099;Activa
45159528-8;4231617791;099;Activa
46114885-9;7304052920;099;Activa
42596420-8;5200566117;099;Activa
44626517-2;8030910422;099;Activa
40477182-5;8944075613;099;Activa
45488308-K;9134787661;099;Activa
41955336-0;2667073133;099;Activa
42103439-7;8313814869;099;Activa
48694594-K;1961368072;099;Activa
49184749-2;4522787941;099;Activa
41857146-2;8572387343;099;Activa
47204959-3;6921333669;099;Activa
48047903-3;8059196956;099;Activa
40692636-2;6934008050;099;Activa
47066682-K;5491870551;099;Activa
44840774-8;3183162804;099;Activa
47760485-4;5910032013;099;Activa
47178919-4;8685632353;099;Activa
43114424-7;5112186764;099;Activa
47239215-8;8240736771;099;Activa
44168682-K;3376381237;099;Activa
45687962-4;5637643402;099;Activa
47503626-3;9097848947;099;Activa
43738031-7;3233060404;099;Activa
40820199-3;3018807828;099;Activa
49972014-9;9689372555;099;Activa
49061117-7;2747428164;099;Activa
43290921-2;5635250778;099;Activa
47256476-5;9407663889;099;Activa
49471799-9;4550367885;099;Activa
49376574-4;3315390044;099;Activa
45624369-K;9464434481;099;Activa
40581550-8;2251188037;099;Activa
44280434-6;4848623453;099;Activa
44068107-7;9275202311;099;Activa
41769648-2;1777898159;099;Activa
40704568-8;5030285581;099;Activa
45532821-7;7403279208;099;Activa
43987155-5;8369156359;099;Activa
40676348-K;7375459102;099;Activa
41995190-0;4021212970;099;Activa
43337360-K;7145231843;099;Activa
49667236-4;9351564720;099;Activa
42890197-5;4425809485;099;Activa
41081717-9;6424520275;099;Activa
46706918-7;2083079146;099;Activa
48049785-6;3590680680;099;Activa
46056769-6;2125261752;099;Activa
40774931-6;9182263243;099;Activa
44900869-3;4107638412;099;Activa
46268360-K;7273393673;099;Activa
43025521-5;3771132083;099;Activa
42328330-0;9197289253;099;Activa
41007497-4;8231312670;099;Activa
40159745-K;6816171755;099;Activa
43418879-2;3110039066;099;Activa
43163123-7;9284909641;099;Activa
47788037-1;2654232578;099;Activa
46552594-0;5671392145;099;Activa
42881791-5;9874543017;099;Activa
40340075-0;1483603032;099;Activa
44614382-4;5737089897;099;Activa
49602141-K;4139494357;099;Activa
42669884-6;3127961447;099;Activa
42903438-8;3319371704;099;Activa
48550236-K;3636006595;099;Activa
46685449-2;7107956542;099;Activa
46246991-8;8972179885;099;Activa
42908563-2;3752441525;099;Activa
45127161-K;2931449426;099;Activa
45094766-0;4457185027;099;Activa
42761174-4;8520725129;099;Activa
47652631-0;5528444190;099;Activa
48629835-9;9535668073;099;Activa
48274426-5;2988599924;099;Activa
48286808-8;4833953327;099;Activa
42907981-0;6375207868;099;Activa
42568720-4;4716951156;099;Activa
43172851-6;1395363718;099;Activa
47454285-8;3685863766;099;Activa
44060217-7;2718152512;099;Activa
48430815-2;7685370089;099;Activa
