ENCABEZADO;TGR;LOTE-20261001-05;2026-10-01;60
id_transaccion;rut_deudor;nombre_deudor;folio_deuda;monto;fecha_origen;cuenta_destino;codigo_banco;tipo_movimiento
TGR-0106147;41690310-7;Juan Díaz Martínez;F-778304;1481569;2026-09-22;3081536387;099;Depósito
TGR-0106612;43427603-9;Sofía Hernández Martínez;F-778779;1347260;2026-09-04;3628597399;099;Traspaso
TGR-0103553;42627004-8;Constanza Rojas Martínez;F-776177;2881016;2026-09-09;1585008380;099;Depósito
TGR-0102917;48701654-3;Antonia Rojas Torres;F-775725;1903955;2026-09-22;4999730128;099;Depósito
TGR-0106687;42584545-4;Sebastián Valenzuela Torres;F-778830;2346052;2026-09-01;5640311526;099;Depósito
TGR-0105980;45494389-9;Valentina Hernández Espinoza;F-778212;192166;2026-09-06;7639171061;099;Depósito
TGR-0106040;44315433-7;Constanza Muñoz Sepúlveda;F-778242;2220151;2026-09-14;4361328949;099;Depósito
TGR-0106024;45203391-7;Juan Ibáñez Contreras;F-778229;756026;2026-09-30;7203885000;099;Depósito
TGR-0105799;40977954-9;Catalina Rojas Hernández;F-778089;950030;2026-09-04;2662331176;099;Depósito
TGR-0106534;47931941-3;Constanza Castillo Núñez;F-778700;2646204;2026-09-13;2084197026;099;Depósito
TGR-0106271;45377515-1;Joaquín Pérez Araya;F-778383;1465044;2026-09-22;7347802672;099;Devolución
TGR-0106402;48848791-4;Vicente Fuentes Valenzuela;F-778555;1299788;2026-09-28;6639937502;099;Devolución
TGR-0106460;42147783-3;Sebastián Araya Morales;F-778643;2261123;2026-09-13;9017529296;099;Depósito
TGR-0106684;47265102-1;Vicente Soto Castillo;F-778828;57122;2026-09-03;1705039968;099;Depósito
TGR-0106175;47474958-4;Sofía Silva González;F-778314;2316263;2026-09-18;2088173259;099;Depósito
TGR-0105907;43678966-1;Joaquín Torres Sepúlveda;F-778171;2108506;2026-09-19;1352488213;099;Depósito
TGR-0106372;48163098-3;Benjamín González Torres;F-778501;522654;2026-09-30;9863031114;099;Traspaso
TGR-0106415;46933686-7;Sofía Morales Sepúlveda;F-778579;2477136;2026-09-25;7169023252;099;Depósito
TGR-0106637;44223394-2;Ignacio Castillo Pérez;F-778791;2153385;2026-09-17;6925071779;099;Devolución
TGR-0106450;46797995-7;Benjamín Díaz Núñez;F-778609;1320783;2026-09-05;6585536203;099;Traspaso
TGR-0106457;42343167-9;Joaquín Núñez Peña;F-778637;1263986;2026-09-18;1654128247;099;Traspaso
TGR-0106494;42261784-1;Ignacio Silva Pérez;F-778661;1345031;2026-09-05;6641776643;099;Depósito
TGR-0105878;40052820-9;Javiera Martínez Silva;F-778128;1106559;2026-09-21;5933483359;099;Depósito
TGR-0105749;42957517-6;Vicente Soto Torres;F-778060;201842;2026-09-28;5660931452;099;Depósito
TGR-0106103;41419882-1;Joaquín Contreras Rodríguez;F-778268;1013704;2026-09-27;8681525644;099;Devolución
TGR-0105945;45425732-4;Benjamín Silva Espinoza;F-778201;170690;2026-09-06;6113644920;099;Depósito
TGR-0105896;44980358-2;Valentina Morales López;F-778154;1436884;2026-09-24;4991224959;099;Depósito
TGR-0106337;45094241-3;Tomás Fuentes Martínez;F-778452;1180989;2026-09-03;5211897929;099;Depósito
TGR-0106208;44326237-7;Valentina López Morales;F-778324;2651138;2026-09-23;3082927871;099;Depósito
TGR-0106209;46419472-K;Francisca González Díaz;F-778351;865964;2026-09-12;5757753394;099;Depósito
TGR-0106539;48703276-K;Catalina Ibáñez Rojas;F-778711;2350321;2026-09-28;5189821149;099;Traspaso
TGR-0102520;42881791-5;Agustín Sepúlveda Espinoza;F-775327;168654;2026-09-03;9874543017;099;Depósito
TGR-0106076;40640582-6;Valentina Rojas Valenzuela;F-778251;1193858;2026-09-18;7069481240;099;Depósito
TGR-0106349;44954031-K;Matías Peña González;F-778471;1033592;2026-09-29;8592369071;099;Depósito
TGR-0106225;45784127-2;José Rojas Peña;F-778356;1971316;2026-09-14;9375037662;099;Depósito
TGR-0105767;47126053-3;Agustín Díaz Soto;F-778069;2945803;2026-09-25;3622170029;099;Depósito
TGR-0105643;48137789-7;Camila Espinoza Fuentes;F-777986;2787907;2026-09-17;3359647382;099;Depósito
TGR-0105626;41186612-2;Joaquín Muñoz Valenzuela;F-777959;207364;2026-09-03;8394900919;099;Depósito
TGR-0105683;40314706-0;Javiera Sepúlveda Rojas;F-778017;2228094;2026-09-16;6267263283;099;Depósito
TGR-0106565;48229516-9;Joaquín Díaz Rojas;F-778719;1950812;2026-09-26;2305444798;099;Depósito
TGR-0105816;41667838-3;Javiera Morales Martínez;F-778116;2167096;2026-09-08;8364021964;099;Depósito
TGR-0101467;41815776-3;Antonia Muñoz Contreras;F-774571;2497955;2026-09-26;3116349043;099;Traspaso
TGR-0105917;42810487-0;Catalina Sepúlveda Espinoza;F-778176;2327293;2026-09-29;3826143734;099;Depósito
TGR-0106246;45179101-K;Benjamín González Torres;F-778371;1840889;2026-09-01;7777380090;099;Depósito
TGR-0106397;42861262-0;Joaquín González Contreras;F-778531;164860;2026-09-08;9250909868;099;Depósito
TGR-0102720;48718100-5;Vicente Rojas Silva;F-775515;2736584;2026-09-10;2086028777;099;Traspaso
TGR-0106299;48338794-6;Antonia López Silva;F-778404;1172817;2026-09-01;3403489096;099;Depósito
TGR-0106616;43761191-2;Benjamín Morales Flores;F-778784;839186;2026-09-13;8941713971;099;Depósito
TGR-0106241;46784790-2;Ignacio Hernández Castillo;F-778363;1653646;2026-09-07;5544058561;099;Devolución
TGR-0105890;41919020-9;Tomás Castillo Díaz;F-778129;596725;2026-09-12;2173072370;099;Depósito
TGR-0106582;49962381-K;Matías Contreras Rodríguez;F-778749;1089325;2026-09-19;9010366052;099;Depósito
TGR-0105618;40046048-5;Joaquín Silva Valenzuela;F-777952;736527;2026-09-12;1618818846;099;Depósito
TGR-0106648;49270356-7;Fernanda Sepúlveda Soto;F-778821;2437435;2026-09-02;3061647780;099;Devolución
TGR-0105718;44940744-K;Vicente Contreras Rojas;F-778041;714957;2026-09-28;4406629031;099;Depósito
TGR-0105851;42510339-3;Benjamín Peña Castillo;F-778117;682799;2026-09-24;8271313325;099;Depósito
TGR-0105996;49032080-6;Matías Valenzuela Espinoza;F-778219;119762;2026-09-14;8752375120;099;Depósito
TGR-0106514;46266525-3;Francisca Morales Araya;F-778675;850118;2026-09-25;2864352137;099;Depósito
TGR-0105681;49226868-2;Agustín González Valenzuela;F-778007;885911;2026-09-22;3902099312;099;Devolución
TGR-0106132;45425401-5;Fernanda Díaz Díaz;F-778297;1421473;2026-09-29;2848798644;099;Depósito
TGR-0106313;43691991-3;Agustín Núñez Peña;F-778423;320908;2026-09-10;9297498572;099;Depósito
TOTALES;60;86037007
