ENCABEZADO;TGR;LOTE-20261001-06;2026-10-01;40
id_transaccion;rut_deudor;nombre_deudor;folio_deuda;monto;fecha_origen;cuenta_destino;codigo_banco;tipo_movimiento
TGR-0106722;45594914-9;Sofía Flores Rojas;F-778839;57488;2026-09-19;4350806827;099;Depósito
TGR-0106727;40767185-6;Matías Rojas Contreras;F-778855;1761188;2026-09-03;4256460332;099;Depósito
TGR-0106742;48165260-K;Sebastián López González;F-778860;799828;2026-09-29;8899639577;099;Depósito
TGR-0106757;47861535-3;Agustín Rodríguez Torres;F-778867;2266208;2026-09-03;7778711651;099;Depósito
TGR-0106792;42501371-8;Valentina Peña Rojas;F-778878;868928;2026-09-26;8891380337;099;Traspaso
TGR-0106822;43160861-8;Tomás Pérez Sepúlveda;F-778895;402347;2026-09-19;8620297410;099;Depósito
TGR-0106834;48465637-1;Benjamín Rodríguez Rodríguez;F-778910;1217372;2026-09-29;2610298682;099;Depósito
TGR-0106865;44403675-3;María Núñez González;F-778938;589986;2026-09-21;8593820612;099;Depósito
TGR-0106869;48338661-3;Valentina Díaz Rojas;F-778961;832083;2026-09-12;2228872070;099;Depósito
TGR-0106871;45297847-4;María Díaz Torres;F-778982;2626774;2026-09-28;2334097505;099;Devolución
TGR-0106898;49521797-3;José Rojas Martínez;F-778993;1093585;2026-09-12;2303354243;099;Depósito
TGR-0106908;46816494-9;Sebastián Martínez Díaz;F-779015;1752272;2026-09-13;5203429167;099;Devolución
TGR-0106912;48979395-4;Matías Espinoza Fuentes;F-779040;1265131;2026-09-13;4828937867;099;Depósito
TGR-0106941;49751117-8;Agustín Araya Sepúlveda;F-779046;2079425;2026-09-09;8698179489;099;Depósito
TGR-0106957;42221806-8;Valentina Morales Castillo;F-779070;427206;2026-09-19;6865197230;099;Traspaso
TGR-0106961;46364937-5;Valentina Soto Núñez;F-779079;2054193;2026-09-16;8315710208;099;Depósito
TGR-0106966;47960361-8;Valentina Torres Soto;F-779098;1984013;2026-09-16;7557916804;099;Depósito
TGR-0107003;43757183-K;Francisca Pérez Peña;F-779128;1765958;2026-09-11;9090264415;099;Depósito
TGR-0107038;43867572-8;Agustín González Araya;F-779153;1285303;2026-09-15;2968708863;099;Depósito
TGR-0107051;46190435-1;Agustín Silva Sepúlveda;F-779180;919641;2026-09-27;8780396080;099;Depósito
TGR-0107091;40773678-8;Benjamín Pérez Pérez;F-779210;2401814;2026-09-15;9172685795;099;Depósito
TGR-0107116;46807422-2;Agustín Ibáñez Rodríguez;F-779221;1237926;2026-09-16;4012382698;099;Depósito
TGR-0107139;47731744-8;Francisca Rojas Araya;F-779235;1871469;2026-09-14;1095535746;099;Traspaso
TGR-0107163;40992839-0;Francisca Espinoza Espinoza;F-779261;809759;2026-09-05;9065578934;099;Depósito
TGR-0107194;49004113-3;Antonia Sepúlveda Rodríguez;F-779274;2928756;2026-09-04;6944693236;099;Devolución
TGR-0107196;41398179-4;Catalina Rodríguez Contreras;F-779276;2438932;2026-09-15;3396243059;099;Devolución
TGR-0107204;41414104-8;Juan Ibáñez Soto;F-779295;1958772;2026-09-11;3529304787;099;Depósito
TGR-0107226;41621832-3;Camila Contreras Muñoz;F-779303;1576226;2026-09-04;3007076237;099;Depósito
TGR-0107253;46669275-1;Camila Muñoz Muñoz;F-779315;1626370;2026-09-17;4151095766;099;Depósito
TGR-0107272;45701144-K;Juan Soto Núñez;F-779326;1903474;2026-09-06;1675409760;099;Depósito
TGR-0107281;42286862-3;Javiera Torres Muñoz;F-779334;2176383;2026-09-03;2225190752;099;Depósito
TGR-0107283;49263288-0;Joaquín Soto Araya;F-779349;536600;2026-09-03;2942444880;099;Depósito
TGR-0107315;43952196-1;Juan Pérez Rojas;F-779356;2501276;2026-09-18;5007931965;099;Depósito
TGR-0107333;44734291-K;Agustín Torres López;F-779357;1544685;2026-09-17;9143347476;099;Depósito
TGR-0107365;46407617-4;Joaquín Hernández Araya;F-779359;125227;2026-09-19;7260695422;099;Devolución
TGR-0107382;48936719-K;José Muñoz Contreras;F-779363;1303468;2026-09-11;3893316816;099;Devolución
TGR-0107409;41957086-9;Agustín Díaz Torres;F-779384;1344023;2026-09-30;8362695908;099;Traspaso
TGR-0107438;42059417-8;Constanza Pérez Sepúlveda;F-779390;856252;2026-09-07;8407891002;099;Depósito
TGR-0107460;47966434-K;José Núñez Flores;F-779397;1805536;2026-09-15;1564532674;099;Depósito
TGR-0107471;41069822-6;Antonia Torres Fuentes;F-779414;2942107;2026-09-30;9387633739;099;Depósito
TOTALES;40;60062984
