ENCABEZADO;TGR;LOTE-20261001-08;2026-10-01;30
id_transaccion;rut_deudor;nombre_deudor;folio_deuda;monto;fecha_origen;cuenta_destino;codigo_banco;tipo_movimiento
TGR-0108345;40707704-0;Juan Díaz Soto;F-779960;247654;2026-09-13;1529330817;099;Depósito
TGR-0108348;42252751-6;Matías Núñez Ibáñez;F-779970;2627252;2026-09-17;6607345686;099;Devolución
TGR-0108378;41369991-6;Javiera Contreras Soto;F-779992;990488;2026-09-10;5949433516;099;Depósito
TGR-0108409;45082814-9;Javiera Torres Araya;F-780001;1809729;2026-09-08;9850356365;099;Depósito
TGR-0108435;42738288-5;Sebastián Peña Hernández;F-780030;673542;2026-09-27;8157362085;099;Depósito
TGR-0108468;41186013-2;Agustín Muñoz Araya;F-780044;1745828;2026-09-27;2896883889;099;Depósito
TGR-0108506;46095188-7;Tomás Muñoz Hernández;F-780058;2717915;2026-09-08;3515638261;099;Depósito
TGR-0108514;43019686-3;Agustín Espinoza Rojas;F-780085;2728607;2026-09-23;5100483955;099;Devolución
TGR-0108520;45687453-3;Ignacio Silva Sepúlveda;F-780091;2311932;2026-09-14;2379090076;099;Depósito
TGR-0108521;45689383-K;Constanza Soto Valenzuela;F-780108;2622349;2026-09-19;8121222839;099;Devolución
TGR-0108523;43106314-K;Camila Rojas Espinoza;F-780137;2088859;2026-09-10;8390037729;099;Devolución
TGR-0108538;45309992-K;Agustín Rodríguez López;F-780161;1429186;2026-09-13;6943416065;099;Depósito
TGR-0108550;45508501-2;Javiera Martínez Araya;F-780187;1746487;2026-09-12;2574647416;099;Depósito
TGR-0108582;42758371-6;Camila Martínez Torres;F-780195;1434546;2026-09-07;9461859912;099;Depósito
TGR-0108597;48952914-9;Fernanda Peña Valenzuela;F-780197;2435833;2026-09-14;2855633034;099;Depósito
TGR-0108603;43449453-2;Camila Fuentes Díaz;F-780226;1531910;2026-09-12;1439676167;099;Depósito
TGR-0108640;44528461-0;Camila Contreras Sepúlveda;F-780248;166386;2026-09-06;5692839212;099;Depósito
TGR-0108659;46138663-6;José Rojas Rojas;F-780249;1772568;2026-09-10;6330544889;099;Depósito
TGR-0108699;46257980-2;María Pérez Morales;F-780272;2409247;2026-09-07;5865313560;099;Depósito
TGR-0108720;40692251-0;Javiera Morales Martínez;F-780281;1959567;2026-09-08;1928089592;099;Depósito
TGR-0108755;43636072-K;Javiera Díaz Castillo;F-780299;144348;2026-09-19;9353735272;099;Depósito
TGR-0108772;43773862-9;Sofía Pérez Rodríguez;F-780305;1644234;2026-09-15;5539537694;099;Depósito
TGR-0108778;40419516-6;Agustín Soto Torres;F-780325;480056;2026-09-16;2943677291;099;Devolución
TGR-0108796;48109322-8;Joaquín López Muñoz;F-780337;2499030;2026-09-15;9741722947;099;Depósito
TGR-0108804;45872824-0;Francisca Fuentes Araya;F-780351;1643326;2026-09-30;2481813461;099;Depósito
TGR-0108808;44922784-0;Sofía Torres Díaz;F-780356;1257990;2026-09-03;8140006126;099;Depósito
TGR-0108822;45531257-4;Valentina Muñoz Hernández;F-780365;1066073;2026-09-24;4473404847;099;Devolución
TGR-0108836;44687145-5;Catalina Espinoza Castillo;F-780395;2455412;2026-09-06;5907246895;099;Traspaso
TGR-0108876;41165078-2;Benjamín Peña Pérez;F-780406;668447;2026-09-09;1451894353;099;Depósito
TGR-0108913;47573378-9;Sebastián Espinoza Peña;F-780430;2211693;2026-09-30;6823721046;099;Depósito
