ENCABEZADO;TGR;LOTE-20261001-09;2026-10-01;30
id_transaccion;rut_deudor;nombre_deudor;folio_deuda;importe;fecha_origen;codigo_banco;tipo_movimiento
TGR-0108936;40396697-5;María Contreras Martínez;F-780445;2948613;2026-09-02;099;Traspaso
TGR-0108943;40582784-0;Joaquín Pérez Rodríguez;F-780472;48325;2026-09-27;099;Depósito
TGR-0108970;41470399-2;Sebastián Hernández Silva;F-780480;739382;2026-09-27;099;Depósito
TGR-0108981;43858273-8;Joaquín Morales Martínez;F-780501;107338;2026-09-18;099;Depósito
TGR-0109017;41618531-K;Antonia González Ibáñez;F-780515;234547;2026-09-21;099;Traspaso
TGR-0109055;45359640-0;José López Rojas;F-780543;188712;2026-09-13;099;Devolución
TGR-0109061;48217052-8;Francisca Pérez Pérez;F-780561;1692132;2026-09-19;099;Depósito
TGR-0109066;43961605-9;Fernanda Núñez Contreras;F-780585;1822636;2026-09-19;099;Depósito
TGR-0109086;43209955-5;Constanza Rodríguez Flores;F-780615;2617035;2026-09-11;099;Depósito
TGR-0109105;41777756-3;Sofía González Valenzuela;F-780628;1616064;2026-09-24;099;Depósito
TGR-0109136;40555805-K;Fernanda Díaz Hernández;F-780629;762672;2026-09-12;099;Depósito
TGR-0109172;47445388-K;Agustín Espinoza Peña;F-780633;2845199;2026-09-19;099;Traspaso
TGR-0109173;44940307-K;Ignacio Díaz Peña;F-780642;1296401;2026-09-11;099;Depósito
TGR-0109182;46062166-6;Benjamín Ibáñez Núñez;F-780672;1616262;2026-09-03;099;Depósito
TGR-0109205;44208059-3;José Díaz Hernández;F-780695;277845;2026-09-30;099;Traspaso
TGR-0109222;42425219-0;Javiera Rojas Castillo;F-780716;258410;2026-09-03;099;Depósito
TGR-0109260;41032704-K;Valentina Contreras Contreras;F-780734;2615110;2026-09-16;099;Devolución
TGR-0109272;48604161-7;Ignacio Silva Sepúlveda;F-780754;2010599;2026-09-06;099;Depósito
TGR-0109282;48388406-0;Valentina Núñez Castillo;F-780780;213758;2026-09-05;099;Devolución
TGR-0109315;47190000-1;Constanza Silva Martínez;F-780803;1788189;2026-09-25;099;Depósito
TGR-0109349;46805316-0;Joaquín Rojas Espinoza;F-780833;66835;2026-09-30;099;Depósito
TGR-0109359;48999301-5;Agustín Soto Soto;F-780836;497326;2026-09-23;099;Devolución
TGR-0109386;41962864-6;Camila Flores Morales;F-780848;2137619;2026-09-29;099;Devolución
TGR-0109403;46130561-K;María Valenzuela Rojas;F-780866;1198228;2026-09-22;099;Depósito
TGR-0109437;42498047-1;José Pérez Silva;F-780880;1185269;2026-09-06;099;Traspaso
TGR-0109474;43699065-0;José Ibáñez Rojas;F-780908;86692;2026-09-25;099;Depósito
TGR-0109512;48441358-4;Javiera Peña Soto;F-780926;2149878;2026-09-15;099;Depósito
TGR-0109541;42097323-3;Juan Rojas González;F-780956;1457348;2026-09-24;099;Traspaso
TGR-0109556;40381406-7;Juan Espinoza Castillo;F-780984;940064;2026-09-05;099;Depósito
TGR-0109586;43890663-0;Sofía Fuentes Muñoz;F-781005;384639;2026-09-04;099;Depósito
TOTALES;30;35803127
